{"cameraMode":{"drawMode":0,"name":"Shaded","section":"Shading Mode"},"sceneLighting":false,"audioPlay":false,"sceneViewState":{"m_AlwaysRefresh":false,"showFog":true,"showSkybox":false,"showFlares":true,"showImageEffects":true,"showParticleSystems":true,"showVisualEffectGraphs":true,"m_FxEnabled":false},"in2DMode":false,"pivot":{"x":-22.066261291503908,"y":6.862262725830078,"z":25.169618606567384},"rotation":{"x":-0.15498150885105134,"y":0.12677346169948579,"z":-0.02003244124352932,"w":-0.9795711040496826},"size":1.6641854047775269,"orthographic":false}