{"cameraMode":{"drawMode":0,"name":"Shaded","section":"Shading Mode"},"sceneLighting":true,"audioPlay":false,"sceneViewState":{"m_AlwaysRefresh":false,"showFog":true,"showSkybox":true,"showFlares":true,"showImageEffects":true,"showParticleSystems":true,"showVisualEffectGraphs":true,"m_FxEnabled":false},"in2DMode":false,"pivot":{"x":-42.827674865722659,"y":-12.636423110961914,"z":-13.514583587646485},"rotation":{"x":-0.23062282800674439,"y":0.6862632632255554,"z":-0.24545663595199586,"w":-0.6447145938873291},"size":16.198705673217775,"orthographic":false}