{"cameraMode":{"drawMode":0,"name":"Shaded","section":"Shading Mode"},"sceneLighting":false,"audioPlay":false,"sceneViewState":{"m_AlwaysRefresh":false,"showFog":true,"showSkybox":true,"showFlares":true,"showImageEffects":true,"showParticleSystems":true,"showVisualEffectGraphs":true,"m_FxEnabled":true},"in2DMode":false,"pivot":{"x":2.217582941055298,"y":2.0585880279541017,"z":22.14969253540039},"rotation":{"x":0.12302547693252564,"y":0.20996077358722688,"z":-0.02721365913748741,"w":0.9697553515434265},"size":0.2846764624118805,"orthographic":false}