{"cameraMode":{"drawMode":0,"name":"Shaded","section":"Shading Mode"},"sceneLighting":false,"audioPlay":false,"sceneViewState":{"m_AlwaysRefresh":false,"showFog":true,"showSkybox":true,"showFlares":true,"showImageEffects":true,"showParticleSystems":true,"showVisualEffectGraphs":true,"m_FxEnabled":true},"in2DMode":false,"pivot":{"x":-43.827842712402347,"y":13.120567321777344,"z":21.015281677246095},"rotation":{"x":0.3680250942707062,"y":-0.0013111690059304238,"z":-0.000025292967620771378,"w":0.9300163388252258},"size":6.232672214508057,"orthographic":false}