{"cameraMode":{"drawMode":0,"name":"Shaded","section":"Shading Mode"},"sceneLighting":false,"audioPlay":false,"sceneViewState":{"m_AlwaysRefresh":false,"showFog":true,"showSkybox":true,"showFlares":true,"showImageEffects":true,"showParticleSystems":true,"showVisualEffectGraphs":true,"m_FxEnabled":true},"in2DMode":false,"pivot":{"x":-2.2489266395568849,"y":0.45388466119766238,"z":9.317723274230957},"rotation":{"x":-0.09624505788087845,"y":0.8605585098266602,"z":0.17661085724830628,"w":0.46821245551109316},"size":1.3636140823364258,"orthographic":false}