{"cameraMode":{"drawMode":0,"name":"Shaded","section":"Shading Mode"},"sceneLighting":false,"audioPlay":false,"sceneViewState":{"m_AlwaysRefresh":false,"showFog":true,"showSkybox":true,"showFlares":true,"showImageEffects":true,"showParticleSystems":true,"showVisualEffectGraphs":true,"m_FxEnabled":true},"in2DMode":false,"pivot":{"x":262.1626281738281,"y":10.793806076049805,"z":-19.528099060058595},"rotation":{"x":-0.009330002591013909,"y":-0.7070737481117249,"z":-0.00932337250560522,"w":0.7070446014404297},"size":55.262088775634769,"orthographic":false}