{"cameraMode":{"drawMode":0,"name":"Shaded","section":"Shading Mode"},"sceneLighting":false,"audioPlay":false,"sceneViewState":{"m_AlwaysRefresh":false,"showFog":true,"showSkybox":false,"showFlares":true,"showImageEffects":true,"showParticleSystems":true,"showVisualEffectGraphs":true,"m_FxEnabled":true},"in2DMode":false,"pivot":{"x":1.5571074485778809,"y":2.8642075061798097,"z":-0.010782375931739807},"rotation":{"x":0.03373080492019653,"y":-0.3879806101322174,"z":0.01421293430030346,"w":0.9209846258163452},"size":3.2630221843719484,"orthographic":false}