{"cameraMode":{"drawMode":0,"name":"Shaded","section":"Shading Mode"},"sceneLighting":false,"audioPlay":false,"sceneViewState":{"m_AlwaysRefresh":false,"showFog":true,"showSkybox":false,"showFlares":true,"showImageEffects":true,"showParticleSystems":true,"showVisualEffectGraphs":true,"m_FxEnabled":false},"in2DMode":false,"pivot":{"x":-25.701780319213868,"y":2.2422845363616945,"z":39.01500701904297},"rotation":{"x":-0.15498150885105134,"y":0.12677346169948579,"z":-0.02003244124352932,"w":-0.9795711040496826},"size":1.1209324598312379,"orthographic":false}