{"cameraMode":{"drawMode":0,"name":"Shaded","section":"Shading Mode"},"sceneLighting":false,"audioPlay":false,"sceneViewState":{"m_AlwaysRefresh":false,"showFog":true,"showSkybox":false,"showFlares":true,"showImageEffects":true,"showParticleSystems":true,"showVisualEffectGraphs":true,"m_FxEnabled":false},"in2DMode":false,"pivot":{"x":-30.165000915527345,"y":2.4033331871032717,"z":36.974998474121097},"rotation":{"x":-0.15498150885105134,"y":0.12677346169948579,"z":-0.02003244124352932,"w":-0.9795711040496826},"size":1.565491795539856,"orthographic":false}